title,permalink,date,category,image,link
アーチェリー / ARCHERY,archery,2016-12-22,game,/assets/images/archery.svg,https://scratch.mit.edu/projects/137651356/
ビーチバレー / Beach Volleyball,beach-volleyball,2016-08-26,game,/assets/images/beach-volleyball.svg,https://scratch.mit.edu/projects/119134771/
ビリヤード / Billiards,billiards,2017-01-26,game,/assets/images/billiards.svg,https://scratch.mit.edu/projects/141937856/
ねこの回転寿司 / Cat's Conveyor belt sushi,cats-conveyor-belt-sushi,2016-10-29,game,/assets/images/cats-conveyor-belt-sushi.svg,https://scratch.mit.edu/projects/127975129/
クレー射撃 / Clay shooting,clay-shooting,2017-03-02,game,/assets/images/clay-shooting.svg,https://scratch.mit.edu/projects/147489705/
コイン落とし / Coin Dozer,coin-dozer,2016-12-30,game,/assets/images/coin-dozer.svg,https://scratch.mit.edu/projects/138126915/
ドライブ / Drivin’,drivin,2017-02-14,game,/assets/images/drivin.svg,https://scratch.mit.edu/projects/145146901/
高速道路 / Freeway,freeway,2017-05-02,game,/assets/images/freeway.svg,https://scratch.mit.edu/projects/158381397/
アイスホッケー / Ice Hockey,ice-hockey,2016-10-14,game,/assets/images/ice-hockey.svg,https://scratch.mit.edu/projects/125375904/
マーブルフォール / Marble Falls,marble-falls,2017-04-07,game,/assets/images/marble-falls.svg,https://scratch.mit.edu/projects/154614705/
紙飛行機 / Paper Plane,paper-plane,2016-07-29,game,/assets/images/peper-plane.svg,https://scratch.mit.edu/projects/117148947/
スーパージャンピングキャット / Super Jumping Cat,super-jumping-cat,2016-09-07,game,/assets/images/super-jumping-cat.png,https://scratch.mit.edu/projects/120272639/
卓球 / Table Tennis,table-tennis,2016-11-14,game,/assets/images/table-tennis.svg,https://scratch.mit.edu/projects/130501394/
タイニーサーカス / TINY CIRCUS,tiny-circus,2016-11-23,game,/assets/images/tiny-circus.svg,https://scratch.mit.edu/projects/132415867/
タイニーミサイルコマンド / Tiny Missile Command,tiny-missile-command,2016-07-01,game,/assets/images/tiny-missile-command.png,https://scratch.mit.edu/projects/115243249/
アイスゴルフ / ICE GOLF,ice-golf,2017-06-06,game,/assets/images/ice-golf.svg,https://scratch.mit.edu/projects/164816881/
スターファイター / STAR FIGHTER,star-fighter,2017-07-07,game,/assets/images/star-fighter.svg,https://scratch.mit.edu/projects/168287642/
タクシー / TAXI,taxi,2017-08-10,game,/assets/images/taxi.svg,https://scratch.mit.edu/projects/170937116/
空戦 / Airplane Aerobatics,airplane-aerobatics,2017-08-26,game,/assets/images/airplane-aerobatics.svg,https://scratch.mit.edu/projects/172262981/
道場マスター / Dojo Master,dojo-master,2017-09-27,game,/assets/images/dojo-master.svg,https://scratch.mit.edu/projects/176457503/
フライングエース / Flying Ace,flying-ace,2017-10-24,game,/assets/images/flying-ace.svg,https://scratch.mit.edu/projects/181813653/
ジャングルリバー / Jungle River,jungle-river,2017-11-15,game,/assets/images/jungle-river.svg,https://scratch.mit.edu/projects/186483205/
海戦 / Warship,warship,2017-12-18,game,/assets/images/warship.svg,https://scratch.mit.edu/projects/194160087/
くつ飛ばし / Flying shoes,flying-shoes,2018-01-11,game,/assets/images/flying-shoes.svg,https://scratch.mit.edu/projects/196947161/
水きり / Skipping stones,skipping-stones,2018-02-05,game,/assets/images/skipping-stones.svg,https://scratch.mit.edu/projects/202071501/
対決 / VERSUS,versus,2018-02-20,game,/assets/images/versus.svg,https://scratch.mit.edu/projects/205022866/
バルーンサッカー / Balloon Football,balloon-football,2018-03-08,game,/assets/images/balloon-football.svg,https://scratch.mit.edu/projects/208527646/
フォーリングボール / Falling Balls,falling-balls,2018-03-16,game,/assets/images/falling-balls.svg,https://scratch.mit.edu/projects/210544510/
ゾンビース / ZOMBIES,zombies,2018-04-03,game,/assets/images/zombies.svg,https://scratch.mit.edu/projects/213518080/
ダーツ / Darts,darts,2018-04-12,game,/assets/images/darts.svg,https://scratch.mit.edu/projects/215695286/
ボクシング / Boxing,boxing,2018-05-21,game,/assets/images/boxing.svg,https://scratch.mit.edu/projects/224432326/
戦闘機 / Fighter remix,fighter-remix,2018-06-04,game,/assets/images/fighter-remix.svg,https://scratch.mit.edu/projects/227236867/
サッカー / Soccer,soccer,2018-06-21,game,/assets/images/soccer.svg,https://scratch.mit.edu/projects/230073978/
スマッシュディスク / Smash Disc,smash-disc,2018-07-11,game,/assets/images/smash-disc.svg,https://scratch.mit.edu/projects/236100967/
マジックキャット / Magi Cat,magi-cat,2018-08-03,game,/assets/images/magi-cat.svg,https://scratch.mit.edu/projects/238144347/
玉入れ / Sports Day,sports-day,2018-08-29,game,/assets/images/sports-day.svg,https://scratch.mit.edu/projects/242367974/
ねこざむらい / Samurai Cat,samurai-cat,2018-09-08,game,/assets/images/samurai-cat.svg,https://scratch.mit.edu/projects/245123927/
100m走 / 100m Sprint,100m-sprint,2018-09-27,game,/assets/images/100m-sprint.svg,https://scratch.mit.edu/projects/248761116/
リンゴはどこ？ / Where is the apple?,where-is-the-apple,2018-10-19,game,/assets/images/where-is-the-apple.svg,https://scratch.mit.edu/projects/253955810/
Motobike / チャリダー,motobike,2018-11-10,game,/assets/images/motobike.svg,https://scratch.mit.edu/projects/261164536/
Rally Day / 峠,rally-day,2018-12-12,game,/assets/images/rally-day.svg,https://scratch.mit.edu/projects/269844953/
Mushroom Valley / きのこの谷,mushroom-valley,2019-02-10,game,/assets/images/mushroom-valley.svg,https://scratch.mit.edu/projects/285730673/
Depth charge / 対潜戦,depth-charge,2019-02-27,game,/assets/images/depth-charge.svg,https://scratch.mit.edu/projects/289845808/
Flying ship / 空船,flying-ship,2019-05-05,game,/assets/images/flying-ship.svg,https://scratch.mit.edu/projects/306846146/
Desert Run / 砂漠レース,desert-run,2019-05-29,game,/assets/images/desert-run.svg,https://scratch.mit.edu/projects/313744605/
POKER / ポーカー,poker,2019-07-17,game,/assets/images/poker.svg,https://scratch.mit.edu/projects/321324785/
Fencing / フェンシング,fencing,2019-08-10,game,/assets/images/fencing.svg,https://scratch.mit.edu/projects/323777574/
Air Hockey / エアホッケー,air-hockey,2019-09-25,game,/assets/images/air-hockey.svg,https://scratch.mit.edu/projects/331110993/
Phantom / ファントム,phantom,2019-12-21,game,/assets/images/phantom.svg,https://scratch.mit.edu/projects/355712158/
SameGame,samegame,2020-01-14,game,/assets/images/samegame.svg,https://scratch.mit.edu/projects/359379155/
Block Ball / ブロックボール,block-ball,2020-02-21,game,/assets/images/block-ball.svg,https://scratch.mit.edu/projects/370047531/
BOXING / ボクシング,boxing-2,2020-05-03,game,/assets/images/boxing-2.svg,https://scratch.mit.edu/projects/391386137/
Ninja Climb / 忍者さん,ninja-climb,2020-06-12,game,/assets/images/ninja-climb.svg,https://scratch.mit.edu/projects/404349977/
Kung Fu Soccer / カンフーサッカー,kung-fu-soccer,2020-08-10,game,/assets/images/kung-fu-soccer.svg,https://scratch.mit.edu/projects/416845425/
TANK / 戦車戦,tank,2020-10-24,game,/assets/images/tank.svg,https://scratch.mit.edu/projects/440580744/
Submarine / 潜水艦,submarine,2021-03-12,game,/assets/images/submarine.svg,https://scratch.mit.edu/projects/500740135/
Lightning / 空戦,lightning,2021-05-31,game,/assets/images/lightning.svg,https://scratch.mit.edu/projects/538546818/
BlackJack / ブラックジャック,blackjack,2021-09-08,game,/assets/images/blackjack.svg,https://scratch.mit.edu/projects/567737870/
KUMITE / 組手,kumite,2022-10-05,game,/assets/images/kumite.svg,https://scratch.mit.edu/projects/357151763/
HANAFUDA / 花札,hanafuda,2024-08-29,game,/assets/images/hanafuda.svg,https://scratch.mit.edu/projects/106960075/
KENDO / 剣道,kendo,2025-05-06,game,/assets/images/kendo.svg,https://scratch.mit.edu/projects/1164199701/
